ID,lat,lon,ele,time,name
1,43.94051696,-71.737244,554.592651,2022-06-13T14:42:09Z,BAPK 13VI22 1
2,43.94110604,-71.73911903,584.260559,2022-06-02T13:10:45Z,BAWG 2VI22 1
3,43.94659904,-71.73996099,596.434326,2022-06-19T14:28:38Z,BBPA 19VI22 1
4,43.94671597,-71.73985303,605.885925,2022-05-21T13:58:31Z,BBPA 21V22 1
5,43.94677497,-71.74040901,593.909485,2022-05-20T13:30:38Z,BGYA
6,43.94656903,-71.74020901,592.632996,2022-05-20T13:32:18Z,BGYA 1
7,43.94661798,-71.74002201,590.016052,2022-05-10T12:35:25Z,BGYA 10V22 1
8,43.94674798,-71.74035301,591.967773,2022-05-10T12:43:47Z,BGYA 10V22 2
9,43.94847197,-71.741818,621.551758,2022-06-11T13:43:30Z,BGYA 11VI22 1
10,43.947397,-71.74042703,608.277832,2022-06-15T11:22:52Z,BGYA 15VI22 1
11,43.94759003,-71.74046902,609.060791,2022-06-15T11:26:03Z,BGYA 15VI22 2
12,43.94749104,-71.74045896,613.299683,2022-06-15T11:30:52Z,BGYA 15VI22 3
13,43.94759799,-71.74329003,607.337769,2022-05-23T14:18:12Z,BGYA 23V22 1
14,43.94750797,-71.74277203,605.577637,2022-05-23T14:32:15Z,BGYA 23V22 2
15,43.94748903,-71.74300597,604.478455,2022-05-23T14:36:30Z,BGYA 23V22 3
16,43.946449,-71.740739,585.32251,2022-06-02T14:09:32Z,BGYA 2VI22 1
17,43.94706599,-71.74010902,597.217834,2022-06-02T14:14:34Z,BGYA 2VI22 2
18,43.94731301,-71.74020197,605.927429,2022-06-06T11:34:01Z,BGYA 6VI22 1
19,43.94982699,-71.73557399,561.199585,2022-06-10T15:53:08Z,BPYA 10VI22 1
20,43.95034198,-71.73754902,579.488037,2022-06-10T13:41:11Z,BPYA 10VI22 11
21,43.94978802,-71.73582796,555.384216,2022-05-22T10:39:31Z,BPYA 22V22 1
22,43.947441,-71.73261099,506.059387,2022-06-11T13:25:06Z,BRRA 11VI22 1
23,43.94669903,-71.73182996,503.420868,2022-05-18T14:31:14Z,BRRA 18V22 1
24,43.94667397,-71.73190397,502.172943,2022-05-18T14:37:37Z,BRRA 18V22 2
25,43.94661496,-71.73185997,502.732788,2022-06-18T12:41:11Z,BRRA 18VI22 1
26,43.94704202,-71.73217496,492.725739,2022-05-29T13:55:22Z,BRRA 29V22 1
27,43.94715199,-71.732154,494.274078,2022-05-29T14:02:11Z,BRRA 29V22 2
28,43.94746103,-71.73185896,495.767303,2022-06-02T11:29:10Z,BRRA 2VI22 1
29,43.94714001,-71.73219902,505.493683,2022-06-02T12:01:11Z,BRRA 2VI22 11
30,43.94759397,-71.73190196,484.567535,2022-05-31T12:09:34Z,BRRA 31V22 1
31,43.94713598,-71.73296303,518.297302,2022-06-04T13:47:26Z,BRRA 4VI22 1
32,43.94732902,-71.73197002,484.886444,2022-06-07T11:33:00Z,BRRA 7VI22 1
33,43.94714696,-71.73878401,597.024536,2022-05-18T13:17:12Z,GAWK 18V22 1
34,43.94122297,-71.74435504,610.609314,2022-06-14T11:03:36Z,GBYA 14VI22
35,43.94138197,-71.74365104,609.012085,2022-06-14T14:38:19Z,GBYA 14VI22 1
36,43.941602,-71.74256399,591.431702,2022-05-22T11:54:46Z,GBYA 22V22 1
37,43.94157702,-71.74343797,597.816162,2022-05-22T12:05:57Z,GBYA 22V22 2
38,43.941114,-71.74345599,607.83551,2022-05-24T12:33:54Z,GBYA 24V22 1
39,43.94077999,-71.74395497,622.022278,2022-05-30T14:00:11Z,GBYA 30V22 1
40,43.940855,-71.74342699,616.23645,2022-05-30T14:17:15Z,GBYA 30V22 2
41,43.94132799,-71.74456802,614.26416,2022-05-31T12:26:23Z,GBYA 31V22 1
42,43.94079901,-71.744003,613.661804,2022-05-31T12:04:18Z,GBYA 31V22 2
43,43.94120897,-71.74473298,611.759155,2022-06-04T11:23:14Z,GBYA 4VI22 1
44,43.943803,-71.73360902,542.742493,2022-06-02T12:00:50Z,GGRA 02VI22 1
45,43.94404097,-71.73373902,537.320557,2022-06-02T12:12:20Z,GGRA 02VI22 2
46,43.94359396,-71.73434998,533.306885,2022-06-02T14:29:23Z,GGRA 02VI22 3
47,43.94380904,-71.73432098,533.813721,2022-06-02T14:34:30Z,GGRA 02VI22 4
48,43.94356303,-71.73537198,545.409241,2022-06-16T12:18:06Z,GGRA 16VI22 1
49,43.94330897,-71.73512103,543.305603,2022-06-16T12:19:40Z,GGRA 16VI22 2
50,43.94356797,-71.73520803,544.108276,2022-06-19T11:43:48Z,GGRA 19VI22 1
51,43.94379001,-71.73461904,556.497681,2022-05-27T11:10:28Z,GGRA 27V22 1
52,43.94475703,-71.73289002,532.197266,2022-05-29T11:31:48Z,GGRA 29V22 1
53,43.94399696,-71.73390197,548.633972,2022-06-05T13:13:51Z,GGRA 5VI22 1
54,43.94317604,-71.733908,529.556885,2022-06-10T12:02:43Z,GGRA? 10VI22 1
55,43.94356001,-71.73401504,539.459778,2022-06-10T12:04:34Z,GGRA? 10VI22 2
56,43.94229703,-71.742652,591.550049,2022-06-06T11:57:29Z,GOGA 6VI22 1
57,43.94340503,-71.73361497,522.667297,2022-06-07T14:05:30Z,GRRA 7VI22 1
58,43.94018697,-71.73418896,511.617279,2022-06-12T11:43:59Z,GWKA 12VI22 1
59,43.94308903,-71.74637097,621.874084,2022-05-31T12:56:48Z,KBBA 31V22 1
60,43.94757503,-71.74546799,628.065552,2022-06-12T12:29:17Z,KBKA 12VI22 1
61,43.94801399,-71.74388004,606.30603,2022-06-15T13:45:17Z,KBKA 15VI22 1
62,43.94876903,-71.74532499,629.810791,2022-05-21T13:01:35Z,KBKA 21V22 1
63,43.94866602,-71.74587501,637.411194,2022-05-21T13:12:45Z,KBKA 21V22 2
64,43.94782598,-71.74524503,627.551086,2022-05-22T14:42:18Z,KBKA 22V22 1
65,43.94819998,-71.74541904,620.888,2022-05-29T13:12:11Z,KBKA 29V22 1
66,43.94792296,-71.74523598,625.121094,2022-06-07T15:16:36Z,KBKA 7VI22 1
67,43.94795003,-71.74494001,632.141479,2022-06-08T17:06:55Z,KBKA 8VI22 1
68,43.94693004,-71.74511896,619.610474,2022-05-17T12:53:27Z,KBKA_17V22_1
69,43.94705401,-71.74528602,623.10376,2022-05-17T12:58:08Z,KBKA_17V22_2
70,43.94257598,-71.69543498,178.953491,2022-05-23T09:59:25Z,KBWA 23V22 1
71,43.94968299,-71.73548497,541.400879,2022-05-23T10:46:09Z,KBWA 23V22 2
72,43.94940597,-71.73530702,540.819336,2022-05-23T10:54:49Z,KBWA 23V22 3
73,43.949613,-71.73561699,554.7099,2022-05-23T10:57:11Z,KBWA 23V22 4
74,43.94966899,-71.73578597,557.230957,2022-05-23T10:58:38Z,KBWA 23V22 5
75,43.94974703,-71.73640497,564.839783,2022-05-23T11:39:40Z,KBWA 23V22 6
76,43.94955802,-71.73516897,546.370544,2022-05-23T13:36:29Z,KBWA 23V22 7
77,43.94944101,-71.734885,506.613159,2022-05-24T10:34:51Z,KBWA 24V22 1
78,43.94965902,-71.73557801,532.670837,2022-05-24T10:46:00Z,KBWA 24V22 2
79,43.949124,-71.73504903,536.679443,2022-05-25T17:51:09Z,KBWA 25V22 1
80,43.94941502,-71.73512396,533.959351,2022-05-25T17:53:19Z,KBWA 25V22 2
81,43.94938703,-71.735246,548.818787,2022-05-25T12:02:29Z,KBWA 25V22 3
82,43.94888998,-71.73504098,530.259216,2022-05-26T11:07:51Z,KBWA 26V22 1
83,43.94959599,-71.73556997,553.633728,2022-05-26T16:42:26Z,KBWA 26V22 2
84,43.94844398,-71.73980802,610.513672,2022-05-20T14:16:40Z,KBYA 20V22 1
85,43.94845001,-71.74018303,611.658325,2022-05-20T14:44:23Z,KBYA 20V22 2
86,43.94759699,-71.73963401,600.483154,2022-05-20T15:03:30Z,KBYA 20V22 3
87,43.94702903,-71.73894703,607.237915,2022-05-21T11:22:14Z,KBYA 21V22 1
88,43.94698704,-71.73891703,607.219116,2022-05-21T11:22:36Z,KBYA 21V22 2
89,43.94935702,-71.73983099,610.906311,2022-05-26T11:15:28Z,KBYA 26V22 1
90,43.94983403,-71.73969302,639.630615,2022-05-30T10:52:42Z,KBYA 30V22 1
91,43.95041398,-71.73972898,627.41156,2022-05-30T11:28:11Z,KBYA 30V22 2
92,43.94917698,-71.73979897,611.401001,2022-06-06T12:16:52Z,KBYA 6VI22 1
93,43.94867004,-71.73913001,611.106079,2022-06-07T12:43:57Z,KBYA 7VI22 1
94,43.944924,-71.74347402,606.809387,2022-06-18T12:54:05Z,KGWA 18VI22 1
95,43.94440901,-71.74278804,583.922119,2022-05-30T11:15:37Z,KGWA 30V22 1
96,43.94509901,-71.74261898,587.886719,2022-05-30T11:35:59Z,KGWA 30V22 2
97,43.94533002,-71.74250599,581.564209,2022-05-30T11:38:23Z,KGWA 30V22 3
98,43.94463801,-71.741372,576.880188,2022-05-17T15:09:26Z,KGWA_17V22_1
99,43.94451002,-71.741286,572.883057,2022-05-17T15:12:51Z,KGWA_17V22_2
100,43.94157501,-71.74615002,633.733337,2022-06-10T13:40:13Z,KKBA 10VI22 1
101,43.94214297,-71.74611197,624.94989,2022-06-14T13:45:00Z,KKBA 14VI22 1
102,43.94188296,-71.74646401,634.468872,2022-06-14T12:49:34Z,KKBA 14VI22 2
103,43.94298099,-71.74681404,629.044128,2022-05-19T13:40:32Z,KKBA 19V22 R1
104,43.943041,-71.74659301,627.759277,2022-05-19T13:37:42Z,KKBA 19V22 R2
105,43.94240004,-71.74625304,623.604431,2022-05-19T14:16:22Z,KKBA 19V22 R3
106,43.94300597,-71.74658496,625.7724,2022-05-31T13:10:12Z,KKBA 31V22 2
107,43.94183099,-71.74677498,638.604858,2022-06-04T12:39:15Z,KKBA 4VI22 1
108,43.94181398,-71.74694203,639.71759,2022-06-04T12:41:50Z,KKBA 4VI22 2
109,43.941587,-71.74675603,642.356445,2022-06-04T12:50:16Z,KKBA 4VI22 3
110,43.94198497,-71.73788697,569.836792,2022-06-15T15:35:40Z,OAWP 15VI22 1
111,43.94606603,-71.74438697,617.101929,2022-06-10T12:46:53Z,OKRA 10VI22 1
112,43.945916,-71.74571098,636.308838,2022-06-15T12:33:49Z,OKRA 15VI22 1
113,43.94636099,-71.74451496,608.327881,2022-06-15T13:44:43Z,OKRA 15VI22 2
114,43.94601499,-71.74496901,626.432678,2022-06-07T12:25:11Z,OKRA 7VI22 1
115,43.94609797,-71.74475804,630.509644,2022-06-07T13:14:34Z,OKRA 7VI22 2
116,43.94626703,-71.74480196,622.970886,2022-06-07T12:40:29Z,OKRA 7VI22 3
117,43.94603603,-71.74517998,629.647217,2022-06-07T13:35:41Z,OKRA 7VI22 4
118,43.94603603,-71.74456802,608.472656,2022-06-07T18:44:48Z,OKRA 7VI22 5
119,43.94718703,-71.73607699,567.00708,2022-06-12T13:06:26Z,OOBA 12VI22 1
120,43.94678202,-71.737058,564.839539,2022-05-18T15:16:50Z,OOBA 18V22 1
121,43.94653701,-71.73670898,560.647217,2022-05-18T15:19:52Z,OOBA 18V22 2
122,43.94651698,-71.73700503,563.643555,2022-05-18T15:25:17Z,OOBA 18V22 3
123,43.94676902,-71.73732002,586.815735,2022-06-19T12:31:02Z,OOBA 19VI22 1
124,43.94666601,-71.73744701,584.205688,2022-06-19T12:55:16Z,OOBA 19VI22 2
125,43.94628597,-71.73683697,573.183472,2022-06-19T13:00:36Z,OOBA 19VI22 3
126,43.94765499,-71.736943,577.002441,2022-06-06T11:06:56Z,OOBA 6VI22 1
127,43.945902,-71.73954299,589.337341,2022-06-14T13:10:54Z,OOOA 14VI22 1
128,43.94859301,-71.73280704,502.25882,2022-06-18T13:35:19Z,OYRA 18VI22 1
129,43.94361902,-71.74160401,580.359131,2022-06-10T12:31:28Z,PAYK 10VI22 1
130,43.94326899,-71.74195304,582.974609,2022-06-14T10:54:10Z,PAYK 14VI22 1
131,43.943371,-71.74181297,580.434082,2022-06-14T11:04:05Z,PAYK 14VI22 2
132,43.943385,-71.74158901,572.619446,2022-06-15T11:05:27Z,PAYK 15VI22 1
133,43.94347301,-71.74193401,579.262085,2022-05-22T11:04:30Z,PAYK 22V22 1
134,43.94297596,-71.741717,579.990417,2022-05-22T11:07:33Z,PAYK 22V22 2
135,43.94064797,-71.74097101,584.188171,2022-06-10T10:49:51Z,PGBA 10VI22 1
136,43.940854,-71.74034698,595.891235,2022-06-10T14:02:16Z,PGBA 10VI22 2
137,43.94129698,-71.74032804,593.679199,2022-05-26T13:46:58Z,PGBA 26V22 1
138,43.940969,-71.74047698,598.000977,2022-05-26T13:59:28Z,PGBA 26V22 2
139,43.94101501,-71.74095199,600.036865,2022-05-26T14:06:40Z,PGBA 26V22 3
140,43.94114099,-71.73989897,584.921631,2022-05-26T14:18:19Z,PGBA 26V22 4
141,43.94112901,-71.74012503,589.845581,2022-05-27T13:46:31Z,PGBA 27V22 1
142,43.94117301,-71.74033097,589.145874,2022-05-27T14:05:58Z,PGBA 27V22 2
143,43.94158599,-71.740164,592.198303,2022-05-29T13:26:34Z,PGBA 29V22 1
144,43.940998,-71.73968296,584.459961,2022-05-30T12:58:41Z,PGBA 30V22 1
145,43.94072098,-71.73966796,590.741638,2022-05-30T13:03:46Z,PGBA 30V22 2
146,43.94434196,-71.74277597,587.622314,2022-06-10T15:00:29Z,RAWB 10VI22 1
147,43.94398497,-71.742047,591.634521,2022-06-12T13:55:37Z,RAWB 12VI22 1
148,43.943946,-71.74127896,574.30249,2022-06-14T12:08:48Z,RAWB 14VI22 1
149,43.94396,-71.74111602,571.830444,2022-06-18T11:03:41Z,RAWB 18VI22 1
150,43.94435504,-71.74226099,583.219543,2022-06-18T11:26:40Z,RAWB 18VI22 2
151,43.94402001,-71.74131903,578.387756,2022-06-19T11:05:13Z,RAWB 19VI22 1
152,43.94446199,-71.74145004,582.444885,2022-06-19T11:19:31Z,RAWB 19VI22 2
153,43.94485904,-71.74156303,583.841125,2022-06-19T12:00:25Z,RAWB 19VI22 3
154,43.94327,-71.73913102,557.473633,2022-05-21T10:54:23Z,RAWB 21V22 1
155,43.94349103,-71.73947803,559.249695,2022-05-21T10:56:22Z,RAWB 21V22 2
156,43.943688,-71.73987701,563.327698,2022-05-21T11:03:25Z,RAWB 21V22 3
157,43.943702,-71.74071101,572.110474,2022-05-21T11:08:12Z,RAWB 21V22 4
158,43.94380803,-71.739963,563.452393,2022-05-21T11:13:29Z,RAWB 21V22 5
159,43.94312399,-71.73997801,568.054443,2022-05-21T11:19:36Z,RAWB 21V22 6
160,43.94353503,-71.73888501,559.537231,2022-05-21T11:33:52Z,RAWB 21V22 7
161,43.94428697,-71.74149103,578.740051,2022-05-31T14:32:27Z,RAWB 31V22 1
162,43.94442704,-71.73673597,563.887024,2022-06-19T11:20:57Z,ROKA 19VI22 1
163,43.94592698,-71.74460901,617.312012,2022-05-31T15:29:53Z,UB 26 31V22 1
164,43.94357803,-71.73276697,526.151123,2022-06-10T11:16:05Z,UB1 10VI22 1
165,43.94375296,-71.73266999,525.596863,2022-06-10T11:18:30Z,UB1 10VI22 2
166,43.94361701,-71.73314097,529.416931,2022-06-10T11:25:50Z,UB1 10VI22 3
167,43.94453801,-71.74052401,561.099243,2022-05-23T15:33:45Z,UB1 23V22 1
168,43.94392697,-71.73181102,499.6922,2022-05-25T14:22:30Z,UB1 25V22 1
169,43.94384399,-71.73180096,528.816345,2022-05-27T10:38:41Z,UB1 27V22 1
170,43.94382496,-71.73191101,521.387085,2022-06-07T14:26:13Z,UB1 7VI22 1
171,43.94844096,-71.73697704,537.286804,2022-05-10T11:12:59Z,UB10 10V22 1
172,43.94819403,-71.73708701,542.596619,2022-05-10T11:15:05Z,UB10 10V22 2
173,43.94795699,-71.73714903,550.15033,2022-05-10T11:16:58Z,UB10 10V22 3
174,43.94937303,-71.73687603,559.628845,2022-05-23T11:21:49Z,UB10 23V22 1
175,43.94986899,-71.73660597,561.348572,2022-05-24T11:12:15Z,UB10 24V22 1
176,43.94978399,-71.73736,570.883423,2022-05-24T11:20:49Z,UB10 24V22 2
177,43.95024299,-71.73811899,599.620728,2022-05-27T12:48:23Z,UB10 27V22 1
178,43.950145,-71.737748,592.080688,2022-05-27T13:07:55Z,UB10 27V22 2
179,43.95036897,-71.73641704,564.252075,2022-05-31T10:36:55Z,UB10 31V22 1
180,43.94999304,-71.73656297,556.471497,2022-05-31T11:16:20Z,UB10 31V22 2
181,43.94992397,-71.73669297,558.90094,2022-05-31T11:51:30Z,UB10 31V22 3
182,43.95085302,-71.736625,586.520508,2022-05-30T13:09:49Z,UB101 30V22 1
183,43.94271696,-71.73444704,550.533691,2022-06-12T11:12:43Z,UB103 12VI22 1
184,43.94219301,-71.73435199,530.415161,2022-06-12T15:23:41Z,UB103 12VI22 2
185,43.94288602,-71.735015,552.535156,2022-06-14T13:56:48Z,UB103 14VI22 1
186,43.94221597,-71.73414596,530.868164,2022-05-27T14:11:03Z,UB103 27V22 1
187,43.942048,-71.73508298,525.786377,2022-06-04T15:05:28Z,UB103 4VI22 1
188,43.94203903,-71.73458903,523.520752,2022-06-06T12:01:07Z,UB103 6VI22 1
189,43.95020904,-71.73757098,598.47467,2022-05-27T13:09:17Z,UB104 27V22 1
190,43.95020703,-71.73681401,573.266296,2022-05-30T12:52:15Z,UB104 30V22 1
191,43.94949004,-71.73729404,569.892822,2022-06-07T13:05:28Z,UB104 7VI22 1
192,43.93997197,-71.746175,600.413147,2022-05-30T12:09:57Z,UB105 30V22 1
193,43.93946,-71.74445403,607.060364,2022-05-31T14:19:23Z,UB105 31V22 1
194,43.94944,-71.73781397,561.793701,2022-05-18T10:53:42Z,UB10_18V22_1
195,43.94921604,-71.73814497,570.407715,2022-05-18T10:56:03Z,UB10_18V22_2
196,43.94488201,-71.73918902,566.690063,2022-05-10T14:59:48Z,UB11 10V22 1
197,43.94482601,-71.73912699,564.541382,2022-05-10T15:01:09Z,UB11 10V22 2
198,43.94475502,-71.73903303,563.770813,2022-05-10T15:02:08Z,UB11 10V22 3
199,43.94423199,-71.73854697,557.454956,2022-06-10T11:36:40Z,UB11 10VI22 1
200,43.94508904,-71.74057698,561.165894,2022-05-19T11:02:19Z,UB11 19V22 1
201,43.94498996,-71.74107797,575.531189,2022-05-21T16:11:21Z,UB11 21V22 1
202,43.94524,-71.73973502,564.460327,2022-05-22T11:01:38Z,UB11 22V22 1
203,43.94497303,-71.73957098,563.908203,2022-05-22T11:11:23Z,UB11 22V22 2
204,43.94449702,-71.74025402,557.302551,2022-05-22T11:25:33Z,UB11 22V22 3
205,43.94528098,-71.73931098,564.232788,2022-05-23T10:59:16Z,UB11 23V22 1
206,43.94510203,-71.73896598,564.537842,2022-05-23T11:04:13Z,UB11 23V22 2
207,43.94480003,-71.73872902,564.175293,2022-05-23T11:07:51Z,UB11 23V22 3
208,43.94470699,-71.73806199,562.843018,2022-05-23T11:14:04Z,UB11 23V22 4
209,43.94531904,-71.74003098,572.619812,2022-05-24T14:42:38Z,UB11 24V22 1
210,43.94516397,-71.73978204,581.933655,2022-05-26T10:52:40Z,UB11 26V22 1
211,43.94498602,-71.73872299,573.301086,2022-05-26T12:14:06Z,UB11 26V22 3
212,43.94518199,-71.73876104,576.315796,2022-05-26T12:16:43Z,UB11 26V22 4
213,43.94371097,-71.73923898,558.409729,2022-06-02T10:45:16Z,UB11 2VI22 1
214,43.94506196,-71.740365,568.653625,2022-06-02T13:57:22Z,UB11 2VI22 11
215,43.94364199,-71.73953402,561.487671,2022-06-02T10:51:41Z,UB11 2VI22 2
216,43.94559899,-71.74002696,585.979614,2022-06-07T14:19:08Z,UB11 7VI22 1
217,43.94250398,-71.74561199,606.715088,2022-06-18T12:57:25Z,UB110 18VI22 1
218,43.94228403,-71.74587803,612.233826,2022-06-18T13:29:14Z,UB110 18VI22 2
219,43.94270799,-71.74668596,631.342957,2022-05-31T13:25:43Z,UB110 31V22 1
220,43.94281997,-71.74651497,627.640747,2022-06-06T12:38:39Z,UB110 6VI22 1
221,43.94274403,-71.74691202,633.057556,2022-06-06T13:01:44Z,UB110 6VI22 2
222,43.94306699,-71.746692,626.352295,2022-06-06T13:42:04Z,UB110 6VI22 3
223,43.94995599,-71.74667196,666.813293,2022-05-31T14:00:01Z,UB112 31V22 1
224,43.949526,-71.74738904,665.608643,2022-06-06T12:31:46Z,UB112 6VI22 1
225,43.949583,-71.74772498,667.322021,2022-06-06T12:33:35Z,UB112 6VI22 2
226,43.94972096,-71.74828104,673.322754,2022-06-06T12:36:55Z,UB112 6VI22 3
227,43.94935199,-71.73496303,524.595337,2022-06-11T10:37:04Z,UB113 11VI22 1
228,43.95086601,-71.73462801,563.99115,2022-06-16T10:37:27Z,UB113 16VI22 1
229,43.94934202,-71.73486102,545.271545,2022-06-05T13:47:03Z,UB113 5VI22 1
230,43.94171197,-71.73098003,502.917603,2022-06-12T13:16:15Z,UB114 12VI22 1
231,43.94136102,-71.73151103,488.508575,2022-06-15T10:50:47Z,UB114 15VI22 1
232,43.94084704,-71.73158797,490.102325,2022-06-15T10:56:30Z,UB114 15VI22 2
233,43.94156302,-71.72989097,482.498108,2022-06-16T11:46:04Z,UB114 16VI22 1
234,43.94146697,-71.72955997,479.492706,2022-06-16T11:47:33Z,UB114 16VI22 2
235,43.94136303,-71.72940197,476.699677,2022-06-16T11:48:19Z,UB114 16VI22 3
236,43.94119699,-71.72869002,462.605927,2022-06-16T11:52:15Z,UB114 16VI22 4
237,43.94107603,-71.72834803,461.496918,2022-06-16T11:56:18Z,UB114 16VI22 5
238,43.94072802,-71.72829397,462.324646,2022-06-16T12:00:25Z,UB114 16VI22 6
239,43.94069801,-71.72860201,467.210846,2022-06-16T12:03:06Z,UB114 16VI22 7
240,43.94068602,-71.72865598,473.401794,2022-06-16T12:04:35Z,UB114 16VI22 8
241,43.94043398,-71.72898699,485.847534,2022-06-16T12:16:12Z,UB114 16VI22 9
242,43.94210198,-71.73805101,550.285339,2022-05-10T13:32:54Z,UB12 10V22 1
243,43.94203501,-71.73807196,551.800171,2022-05-10T13:35:23Z,UB12 10V22 2
244,43.94184197,-71.73829802,554.570801,2022-05-10T13:36:35Z,UB12 10V22 3
245,43.94884002,-71.73375696,520.36554,2022-05-11T11:14:40Z,UB12 11V22 2
246,43.94145104,-71.73599803,542.111145,2022-06-18T13:17:24Z,UB12 18VI22 1
247,43.94090102,-71.736741,546.029358,2022-05-29T14:34:40Z,UB12 29V22 1
248,43.94053398,-71.736309,538.573425,2022-06-06T11:11:45Z,UB12 6VI22 1
249,43.94097101,-71.73690696,551.039917,2022-05-19T14:30:29Z,UB12_19V22_1
250,43.94092298,-71.73701802,552.413452,2022-05-19T14:31:43Z,UB12_19V22_2
251,43.94805397,-71.74024799,621.442627,2022-06-12T13:54:18Z,UB13 12VI22 1
252,43.94776002,-71.74041303,615.978088,2022-06-13T15:37:34Z,UB13 13VI22 1
253,43.94785498,-71.74080203,617.912109,2022-06-13T15:44:01Z,UB13 13VI22 2
254,43.94766002,-71.74048201,610.664062,2022-06-14T13:34:57Z,UB13 14VI22 1
255,43.94759196,-71.74089901,607.253723,2022-06-14T14:02:51Z,UB13 14VI22 2
256,43.947715,-71.74038696,605.565918,2022-06-15T10:58:18Z,UB13 15VI22 1
257,43.94749104,-71.74045896,613.299683,2022-06-15T11:30:52Z,UB13 15VI22 2
258,43.94780301,-71.74088904,612.127502,2022-05-20T13:42:40Z,UB13 20V22 2
259,43.94807702,-71.73990902,617.408936,2022-05-21T12:55:57Z,UB13 21V22 1
260,43.94781198,-71.74092298,629.706787,2022-05-21T10:44:51Z,UB13 21V22 11
261,43.94813603,-71.74053096,621.127014,2022-05-21T13:03:04Z,UB13 21V22 2
262,43.94831699,-71.74098702,624.3573,2022-05-21T13:05:09Z,UB13 21V22 3
263,43.94853903,-71.74052099,623.05719,2022-05-21T12:25:16Z,UB13 21V22 4
264,43.94795003,-71.74249702,603.52301,2022-05-22T14:48:20Z,UB13 22V22 1
265,43.949181,-71.74232603,620.572327,2022-05-22T14:59:36Z,UB13 22V22 2
266,43.94883097,-71.74205597,615.813904,2022-05-22T15:04:33Z,UB13 22V22 3
267,43.94891999,-71.74216501,624.869568,2022-05-23T15:04:40Z,UB13 23V22 1
268,43.948247,-71.74239099,621.402649,2022-06-02T13:54:34Z,UB13 2VI22 1
269,43.94838899,-71.74282601,621.120667,2022-06-02T14:01:43Z,UB13 2VI22 2
270,43.94858102,-71.74118198,621.593567,2022-05-18T12:26:30Z,UB13_18V22_1
271,43.94858697,-71.74139497,622.187866,2022-05-18T12:28:27Z,UB13_18V22_2
272,43.94860198,-71.74163201,621.999451,2022-05-18T12:30:47Z,UB13_18V22_3
273,43.94083899,-71.73634898,543.821533,2022-06-15T14:26:34Z,UB14 15VI22 1
274,43.940926,-71.73549201,535.780518,2022-06-18T13:47:29Z,UB14 18VI22 1
275,43.93994699,-71.73726303,554.229736,2022-05-21T12:59:28Z,UB14 21V22 1
276,43.93992,-71.73736998,559.28479,2022-05-21T13:10:36Z,UB14 21V22 2
277,43.94013701,-71.73753301,561.077148,2022-05-19T14:55:09Z,UB14_19V22_1
278,43.94948702,-71.73515196,542.813477,2022-06-10T12:03:13Z,UB15 10VI22 1
279,43.94800703,-71.73629601,544.604187,2022-06-10T13:10:34Z,UB15 10VI22 11
280,43.94954997,-71.734958,538.881165,2022-06-10T12:07:47Z,UB15 10VI22 2
281,43.94973597,-71.73497904,551.688965,2022-06-10T16:02:40Z,UB15 10VI22 3
282,43.94871002,-71.73320501,514.992554,2022-05-11T11:12:45Z,UB15 11V22
283,43.94898201,-71.73401403,524.252014,2022-05-11T11:15:33Z,UB15 11V22 3
284,43.94921696,-71.734339,535.827148,2022-05-11T11:38:21Z,UB15 11V22 4
285,43.94950898,-71.73415502,547.3573,2022-05-11T12:00:07Z,UB15 11V22 5
286,43.94895301,-71.73380801,530.553162,2022-05-11T12:10:46Z,UB15 11V22 6
287,43.94745902,-71.73670798,568.71228,2022-06-12T11:13:10Z,UB15 12VI22 1
288,43.94803,-71.73603198,556.236023,2022-06-12T13:00:38Z,UB15 12VI22 2
289,43.94857499,-71.73623901,551.328735,2022-06-14T10:43:57Z,UB15 14VI22 1
290,43.94762699,-71.73615804,562.718994,2022-06-15T13:35:46Z,UB15 15VI22 1
291,43.94854398,-71.73546201,521.695557,2022-05-18T15:45:35Z,UB15 18V22 1
292,43.94887498,-71.73588898,529.486694,2022-06-18T14:13:51Z,UB15 18VI22 1
293,43.94790502,-71.73652198,547.740295,2022-06-19T11:06:42Z,UB15 19VI22 1
294,43.949023,-71.73468601,522.761475,2022-05-26T10:56:24Z,UB15 26V22 1
295,43.94890197,-71.73423699,520.811829,2022-05-26T11:16:01Z,UB15 26V22 2
296,43.94813997,-71.73360902,511.654572,2022-05-26T11:34:06Z,UB15 26V22 3
297,43.94828497,-71.73641603,559.910034,2022-05-29T10:50:59Z,UB15 29V22 1
298,43.94759498,-71.73591496,548.175354,2022-06-02T12:26:35Z,UB15 2VI22 1
299,43.947858,-71.73551599,541.184082,2022-06-02T12:29:25Z,UB15 2VI22 2
300,43.94746397,-71.73678098,564.699951,2022-06-02T15:38:32Z,UB15 2VI22 3
301,43.947397,-71.73642601,560.474304,2022-06-02T15:41:15Z,UB15 2VI22 4
302,43.94846301,-71.73617296,520.825989,2022-05-31T14:07:04Z,UB15 31V22 1
303,43.94845798,-71.73601203,518.984741,2022-05-31T14:10:42Z,UB15 31V22 2
304,43.94835102,-71.73580701,539.184509,2022-06-04T12:02:11Z,UB15 4VI22 1
305,43.94804299,-71.73770199,581.399841,2022-06-07T15:12:07Z,UB15 7VI22 1
306,43.94570997,-71.74346496,593.225281,2022-06-11T11:09:21Z,UB17 11VI22 1
307,43.94626996,-71.74421196,596.728577,2022-06-11T11:15:21Z,UB17 11VI22 2
308,43.94640701,-71.74413099,615.842773,2022-05-21T14:05:21Z,UB17 21V22 1
309,43.94599202,-71.74366403,605.219604,2022-05-21T14:19:12Z,UB17 21V22 2
310,43.94606796,-71.74444498,611.879761,2022-05-22T12:57:29Z,UB17 22V22 1
311,43.94598297,-71.74408296,611.707886,2022-05-22T13:03:02Z,UB17 22V22 2
312,43.94644498,-71.74406201,611.857666,2022-05-22T13:13:28Z,UB17 22V22 3
313,43.94692501,-71.74392404,610.435547,2022-05-24T11:57:58Z,UB17 24V22 1
314,43.94678897,-71.74379898,605.634521,2022-05-24T12:01:21Z,UB17 24V22 2
315,43.94641003,-71.74412102,604.92041,2022-05-24T12:09:42Z,UB17 24V22 3
316,43.94606201,-71.74378297,609.545959,2022-05-27T11:30:58Z,UB17 27V22 1
317,43.94646099,-71.74392597,609.025391,2022-05-27T11:45:32Z,UB17 27V22 2
318,43.94690498,-71.74427801,609.020386,2022-05-30T12:44:27Z,UB17 30V22 1
319,43.94589202,-71.74359103,600.87915,2022-05-17T13:24:39Z,UB17?_17V22_1
320,43.946003,-71.74359497,602.022705,2022-05-17T13:26:39Z,UB17?_17V22_2
321,43.94595204,-71.74343596,597.033752,2022-05-17T13:36:34Z,UB17?_17V22_3
322,43.94594399,-71.74353998,599.366028,2022-05-17T13:47:12Z,UB17?_17V22_4
323,43.94908,-71.74502199,632.862,2022-06-11T13:35:12Z,UB18 11VI22 1
324,43.94946196,-71.745241,643.351501,2022-05-23T11:25:59Z,UB18 23V22 1
325,43.94970696,-71.74550897,650.296326,2022-05-23T11:37:49Z,UB18 23V22 2
326,43.94945702,-71.74531401,643.55719,2022-05-23T11:44:26Z,UB18 23V22 3
327,43.94910498,-71.74718502,657.123901,2022-06-02T12:28:17Z,UB18 2V22 2
328,43.94926599,-71.74759598,665.659973,2022-06-02T12:31:39Z,UB18 2V22 3
329,43.949612,-71.74633199,653.934875,2022-06-02T12:20:23Z,UB18 2VI22 1
330,43.94964402,-71.74648697,657.575562,2022-06-05T12:59:42Z,UB18 5VI22 1
331,43.95039897,-71.74589999,670.641907,2022-06-05T13:35:25Z,UB18 5VI22 2
332,43.94158096,-71.73202098,511.534332,2022-06-10T14:09:11Z,UB19 10VI22 1
333,43.94195697,-71.73196298,503.808105,2022-06-12T14:05:02Z,UB19 12VI22 1
334,43.94228403,-71.73039397,491.939087,2022-06-14T11:26:00Z,UB19 14V22 1
335,43.94241496,-71.73067602,492.256134,2022-06-14T11:31:10Z,UB19 14VI22 2
336,43.94240004,-71.73089102,494.191315,2022-06-14T11:35:58Z,UB19 14VI22 3
337,43.94231597,-71.73107299,494.767578,2022-06-14T11:39:41Z,UB19 14VI22 4
338,43.94245,-71.73178503,506.192535,2022-06-14T11:46:12Z,UB19 14VI22 5
339,43.94192202,-71.73154003,501.048676,2022-06-14T11:59:41Z,UB19 14VI22 6
340,43.942451,-71.73251702,507.661957,2022-06-19T13:16:59Z,UB19 19VI22 1
341,43.94221497,-71.73157699,501.250214,2022-05-23T12:28:38Z,UB19 23V22 1
342,43.94195303,-71.73169199,496.730103,2022-05-23T13:06:39Z,UB19 23V22 2
343,43.94211698,-71.73160398,494.477509,2022-05-23T12:28:36Z,UB19 23V22 3
344,43.94178397,-71.73198,506.897156,2022-06-06T13:04:46Z,UB19 6VI22 1
345,43.94139396,-71.72964103,466.546539,2022-06-04T13:58:15Z,UB19? 04VI22 1
346,43.94106396,-71.72970104,475.18573,2022-06-04T14:21:11Z,UB19? 04VI22 2
347,43.94238898,-71.73073101,460.698608,2022-06-04T15:00:04Z,UB19? 04VI22 3
348,43.94230901,-71.73077703,475.161011,2022-06-04T15:00:38Z,UB19? 04VI22 4
349,43.94254496,-71.73370298,532.679688,2022-06-10T12:41:17Z,UB2 10VI22 1
350,43.94245402,-71.73317903,528.544128,2022-06-10T12:37:11Z,UB2 10VI22 2
351,43.94251202,-71.73236799,510.060486,2022-06-14T13:22:28Z,UB2 14VI22 1
352,43.94248101,-71.73208703,508.880188,2022-06-14T13:31:13Z,UB2 14VI22 2
353,43.94187097,-71.73339201,527.256897,2022-05-22T14:13:19Z,UB2 22V22 1
354,43.94187097,-71.73339201,527.256897,2022-05-27T12:17:31Z,UB2 22V22 11
355,43.94187097,-71.73339201,527.256897,2022-05-27T12:17:31Z,UB2 22V22 111
356,43.94187097,-71.73339201,527.256897,2022-05-27T12:17:32Z,UB2 22V22 1111
357,43.94212998,-71.733434,527.135559,2022-05-22T14:14:39Z,UB2 22V22 2
358,43.94221396,-71.733749,512.848633,2022-05-22T14:13:52Z,UB2 22V22 3
359,43.94210801,-71.73348002,516.818359,2022-05-22T14:30:27Z,UB2 22V22 4
360,43.946118,-71.73017797,554.386719,2022-06-02T13:51:13Z,UB20 2VI22 1
361,43.94141399,-71.74229803,603.567139,2022-06-10T13:31:01Z,UB21 10VI22 1
362,43.94202101,-71.74143001,580.888916,2022-05-22T11:37:58Z,UB21 22V22 1
363,43.94222301,-71.74174097,581.213928,2022-05-22T11:41:08Z,UB21 22V22 2
364,43.94178799,-71.74198799,589.622559,2022-05-22T11:45:49Z,UB21 22V22 3
365,43.94151902,-71.742148,588.243469,2022-05-22T11:51:07Z,UB21 22V22 4
366,43.94197499,-71.74178104,581.452942,2022-05-22T11:34:40Z,UB21 22V22 5
367,43.94225797,-71.74212696,585.586426,2022-05-24T11:05:18Z,UB21 24V22 1
368,43.94239903,-71.74261797,591.088745,2022-05-24T11:11:16Z,UB21 24V22 2
369,43.94209502,-71.74188799,584.085693,2022-05-24T11:21:12Z,UB21 24V22 3
370,43.94208203,-71.741616,582.894348,2022-05-24T11:22:52Z,UB21 24V22 4
371,43.94234103,-71.74161198,581.726074,2022-05-24T11:28:17Z,UB21 24V22 5
372,43.94252996,-71.74197298,586.80896,2022-05-24T11:35:19Z,UB21 24V22 6
373,43.94192001,-71.74120696,573.674377,2022-06-06T10:52:04Z,UB21 6VI22 1
374,43.94227297,-71.74215001,582.022156,2022-06-06T10:59:39Z,UB21 6VI22 2
375,43.94270497,-71.74130796,571.227661,2022-06-06T11:03:57Z,UB21 6VI22 3
376,43.94215303,-71.74190601,582.529053,2022-06-07T12:08:39Z,UB21 7VI22 1
377,43.94588398,-71.74453198,603.970154,2022-06-11T11:24:15Z,UB22 11VI22 1
378,43.94615999,-71.74465503,617.187256,2022-06-12T12:44:39Z,UB22 12VI22 1
379,43.94596796,-71.74485804,621.862549,2022-06-12T12:55:49Z,UB22 12VI22 2
380,43.94573696,-71.74509499,626.204285,2022-06-15T12:46:55Z,UB22 15VI22 1
381,43.945888,-71.74508703,625.868896,2022-06-15T12:48:54Z,UB22 15VI22 2
382,43.94613502,-71.74447096,617.084534,2022-06-15T13:08:27Z,UB22 15VI22 3
383,43.94574299,-71.74429502,620.055969,2022-06-18T12:16:57Z,UB22 18VI22 1
384,43.94592396,-71.74409796,612.230225,2022-06-18T12:24:53Z,UB22 18VI22 2
385,43.946032,-71.74482903,616.905945,2022-05-22T12:46:08Z,UB22 22V22 1
386,43.94622202,-71.744867,619.404785,2022-05-24T12:57:42Z,UB22 24V22 1
387,43.94618003,-71.74500799,624.441528,2022-05-24T13:14:28Z,UB22 24V22 2
388,43.94628203,-71.74507999,624.672852,2022-05-24T13:16:11Z,UB22 24V22 3
389,43.94625002,-71.74522801,627.943054,2022-05-24T13:19:01Z,UB22 24V22 4
390,43.94617902,-71.74525601,627.994019,2022-05-24T13:30:33Z,UB22 24V22 5
391,43.944981,-71.745887,640.578857,2022-05-24T15:45:29Z,UB22 24V22 6
392,43.94619796,-71.74439502,606.177429,2022-05-17T13:06:25Z,UB22?_17V22_1
393,43.94600803,-71.74420098,608.565613,2022-05-17T13:08:25Z,UB22?_17V22_2
394,43.94609604,-71.74399696,606.055176,2022-05-17T13:12:33Z,UB22?_17V22_3
395,43.94225897,-71.74318803,593.838318,2022-05-23T12:28:03Z,UB25 23V22 1
396,43.94227901,-71.74291796,593.530273,2022-05-23T12:32:16Z,UB25 23V22 2
397,43.94211799,-71.74413401,599.916382,2022-05-31T11:57:03Z,UB25 31V22 1
398,43.94152497,-71.74297697,609.920105,2022-06-04T13:59:07Z,UB25 4VI22 1
399,43.94199301,-71.74323999,592.36969,2022-06-06T11:48:26Z,UB25 6VI22 1
400,43.94229703,-71.74321602,590.186218,2022-06-06T11:51:20Z,UB25 6VI22 2
401,43.94187399,-71.74373402,598.020447,2022-06-06T12:26:16Z,UB25 6VI22 3
402,43.94150301,-71.74417902,603.154114,2022-06-06T12:31:35Z,UB25 6VI22 4
403,43.94178799,-71.74286298,599.203857,2022-06-07T13:12:55Z,UB25 7VI22 1
404,43.94166796,-71.74310496,601.408813,2022-06-07T13:17:45Z,UB25 7VI22 2
405,43.94453198,-71.74488897,625.853394,2022-06-12T13:51:35Z,UB26 12VI22 1
406,43.94495702,-71.74545701,636.033081,2022-06-14T12:19:28Z,UB26 14VI22 1
407,43.94512399,-71.74557201,635.545654,2022-06-14T13:24:38Z,UB26 14VI22 2
408,43.94526397,-71.74523598,634.948059,2022-06-18T14:09:59Z,UB26 18VI22 1
409,43.94481897,-71.74517998,636.538025,2022-06-18T13:38:59Z,UB26 18VI22 2
410,43.94494797,-71.74521997,638.561218,2022-06-18T13:35:32Z,UB26 18VI22 3
411,43.94476801,-71.74519197,636.661316,2022-06-18T13:40:00Z,UB26 18VI22 4
412,43.94471998,-71.74513003,636.143616,2022-06-18T13:40:22Z,UB26 18VI22 5
413,43.94464999,-71.74503498,636.190796,2022-06-18T13:41:16Z,UB26 18VI22 6
414,43.94553596,-71.745096,623.892944,2022-05-21T14:51:35Z,UB26 21V22 1
415,43.94543102,-71.74430299,610.122925,2022-05-21T14:54:41Z,UB26 21V22 2
416,43.94515199,-71.74565298,634.794006,2022-05-21T15:05:32Z,UB26 21V22 3
417,43.94537603,-71.74606796,640.71106,2022-05-21T15:16:26Z,UB26 21V22 4
418,43.94516699,-71.74564099,631.389526,2022-05-25T11:58:53Z,UB26 25V22 1
419,43.94490296,-71.74555097,630.247498,2022-05-25T12:18:56Z,UB26 25V22 2
420,43.94484504,-71.744895,620.814697,2022-05-25T12:34:22Z,UB26 25V22 3
421,43.94470699,-71.74577703,634.725708,2022-05-25T12:38:51Z,UB26 25V22 4
422,43.94568902,-71.74534997,634.413086,2022-06-07T11:50:56Z,UB26 7VI22 1
423,43.94468201,-71.73750099,563.348633,2022-05-23T11:18:03Z,UB27 23V22 1
424,43.94445201,-71.73592402,555.271362,2022-05-19T10:38:59Z,UB27_19V22_1
425,43.94428597,-71.73596299,554.265869,2022-05-19T10:41:30Z,UB27_19V22_2
426,43.94435696,-71.73598001,564.212219,2022-05-19T11:07:32Z,UB27_19V22_3
427,43.94043599,-71.73442097,512.604797,2022-06-11T14:22:49Z,UB28 11VI22 1
428,43.94028696,-71.73431503,517.301636,2022-06-12T11:20:15Z,UB28 12VI22 1
429,43.94022804,-71.73421,526.160156,2022-06-14T15:53:29Z,UB28 14VI22 1
430,43.940868,-71.73445903,503.584137,2022-05-22T11:25:27Z,UB28 22V22 1
431,43.94086196,-71.73488399,510.179901,2022-05-22T12:09:42Z,UB28 22V22 10
432,43.94070002,-71.73442902,514.14093,2022-05-22T11:39:48Z,UB28 22V22 2
433,43.940451,-71.73438502,513.303528,2022-05-22T11:56:20Z,UB28 22V22 3
434,43.94079499,-71.73468098,517.518799,2022-05-22T12:01:20Z,UB28 22V22 4
435,43.94084704,-71.73467101,518.693481,2022-05-22T12:04:57Z,UB28 22V22 5
436,43.94081402,-71.73485599,522.957642,2022-05-22T12:09:39Z,UB28 22V22 6
437,43.94069902,-71.73437898,507.927643,2022-05-22T11:39:54Z,UB28 22V22 7
438,43.940236,-71.73439398,501.175171,2022-05-22T11:56:22Z,UB28 22V22 8
439,43.94075501,-71.73463002,507.794861,2022-05-22T12:02:04Z,UB28 22V22 9
440,43.93982696,-71.73247,485.924316,2022-06-07T14:08:11Z,UB28 7VI22 1
441,43.94535801,-71.74448202,624.457581,2022-06-18T12:14:22Z,UB3 18VI22 1
442,43.94521301,-71.74379596,607.220154,2022-06-19T15:10:36Z,UB3 19V22 1
443,43.94475603,-71.74277798,593.754028,2022-05-08T13:15:16Z,UB3 5V22 1
444,43.944421,-71.74319901,598.113281,2022-05-08T13:26:13Z,UB3 5V22 5
445,43.944823,-71.74298803,595.971985,2022-05-08T13:21:36Z,UB3 8V22 2
446,43.94475401,-71.74311703,596.612122,2022-05-08T13:22:56Z,UB3 8V22 3
447,43.94464899,-71.743328,597.515686,2022-05-08T13:23:39Z,UB3 8V22 4
448,43.944493,-71.743514,601.642334,2022-05-08T13:29:45Z,UB3 8V22 6
449,43.94466299,-71.74361399,602.860046,2022-05-08T13:31:09Z,UB3 8V22 7
450,43.94647499,-71.72951899,465.228302,2022-06-11T14:01:25Z,UB30 11VI22 1
451,43.943471,-71.72966198,500.811768,2022-06-12T12:59:59Z,UB30 12VI22 1
452,43.94331803,-71.729709,499.89389,2022-06-12T13:00:53Z,UB30 12VI22 2
453,43.94313203,-71.73060897,506.955017,2022-06-12T13:04:16Z,UB30 12VI22 3
454,43.94314896,-71.73071399,507.879089,2022-06-12T13:05:04Z,UB30 12VI22 4
455,43.94354098,-71.73070301,510.94223,2022-06-12T13:16:27Z,UB30 12VI22 5
456,43.943399,-71.72980397,502.172089,2022-06-12T13:22:11Z,UB30 12VI22 6
457,43.94322901,-71.72974697,500.041016,2022-06-12T13:24:35Z,UB30 12VI22 7
458,43.94358901,-71.72970196,500.012634,2022-06-15T12:53:50Z,UB30 15VI22 1
459,43.94365397,-71.730571,494.286346,2022-05-25T12:26:34Z,UB30 25V22 1
460,43.94372597,-71.73093997,499.47403,2022-05-25T12:33:20Z,UB30 25V22 2
461,43.94329003,-71.73026799,492.224945,2022-05-25T12:43:00Z,UB30 25V22 3
462,43.944148,-71.72920802,482.049194,2022-06-04T12:04:00Z,UB30? 04VI22 1
463,43.94397802,-71.72928203,487.306244,2022-06-04T12:05:57Z,UB30? 04VI22 2
464,43.94642,-71.73050503,488.221191,2022-06-04T15:51:30Z,UB32 04VI22 1
465,43.94666098,-71.73109696,480.882416,2022-06-06T14:36:03Z,UB32 06VI22 1
466,43.94657699,-71.731636,499.35614,2022-06-06T14:38:23Z,UB32 06VI22 2
467,43.94636099,-71.73157004,498.386139,2022-06-06T14:44:44Z,UB32 06VI22 3
468,43.94692602,-71.72992702,475.48941,2022-05-22T11:50:22Z,UB32 22V22 1
469,43.946866,-71.73018199,484.279785,2022-05-22T11:52:46Z,UB32 22V22 2
470,43.94696902,-71.73184698,498.381927,2022-05-26T12:28:50Z,UB32 26V22 1
471,43.94670297,-71.732082,506.729889,2022-05-26T12:34:25Z,UB32 26V22 2
472,43.946535,-71.73214604,508.407013,2022-05-26T12:39:55Z,UB32 26V22 3
473,43.94587702,-71.73166802,497.991791,2022-05-29T14:16:07Z,UB32? 29V22 1
474,43.94605597,-71.72805198,426.059875,2022-06-06T10:22:45Z,UB33 06VI22 1
475,43.94609696,-71.72798099,438.739868,2022-06-06T10:32:52Z,UB33 06VI22 2
476,43.94587702,-71.727896,440.518005,2022-06-06T10:37:51Z,UB33 06VI22 3
477,43.94564803,-71.72755896,444.611847,2022-06-06T11:02:17Z,UB33 06VI22 4
478,43.94570896,-71.72764597,447.858826,2022-06-06T11:16:35Z,UB33 06VI22 5
479,43.94570704,-71.72737699,445.108276,2022-06-06T11:21:00Z,UB33 06VI22 6
480,43.94579404,-71.72718999,443.464905,2022-06-06T11:22:37Z,UB33 06VI22 7
481,43.94482803,-71.72738302,449.313599,2022-06-06T11:34:51Z,UB33 06VI22 8
482,43.945815,-71.72729602,432.493652,2022-06-11T12:46:20Z,UB33 11VI22 1
483,43.945887,-71.72768896,436.599609,2022-06-14T14:48:44Z,UB33 14VI22 1
484,43.945154,-71.72742996,437.712799,2022-06-19T11:00:15Z,UB33 19VI 22 3
485,43.94592002,-71.72720701,416.440887,2022-06-19T10:46:58Z,UB33 19VI22 1
486,43.94524704,-71.72697701,422.448883,2022-06-19T10:55:02Z,UB33 19VI22 2
487,43.94581399,-71.72761202,436.052307,2022-06-19T11:16:22Z,UB33 19VI22 4
488,43.94598397,-71.72695999,422.119598,2022-06-19T11:25:59Z,UB33 19VI22 5
489,43.94630299,-71.72768896,418.770569,2022-05-23T12:28:39Z,UB33 23V22 1
490,43.94618397,-71.72778301,427.895325,2022-05-23T12:42:12Z,UB33 23V22 2
491,43.94584701,-71.72719996,430.001892,2022-05-23T12:50:01Z,UB33 23V22 3
492,43.94571299,-71.72690601,428.171326,2022-05-23T12:52:21Z,UB33 23V22 4
493,43.945959,-71.72759601,437.04007,2022-05-24T12:22:30Z,UB33 24V22 1
494,43.94467103,-71.72666503,435.634583,2022-05-24T12:55:24Z,UB33 24V22 2
495,43.94539397,-71.72701799,439.175262,2022-05-24T13:12:50Z,UB33 24V22 3
496,43.94707496,-71.74501796,621.475403,2022-05-17T12:46:09Z,UB34_17V22_1
497,43.94704001,-71.74517998,621.436951,2022-05-17T12:47:53Z,UB34_17V22_2
498,43.94706398,-71.74508401,621.25885,2022-05-17T12:56:38Z,UB34_17V22_3
499,43.94605103,-71.74346102,597.564148,2022-05-17T13:27:39Z,UB35_17V22_1
500,43.94794601,-71.73649902,547.741394,2022-06-19T11:06:45Z,UB36 19VI22 1
501,43.94900699,-71.74452603,645.005249,2022-05-17T11:25:03Z,UB36_17V22_1
502,43.94936197,-71.735375,534.526978,2022-05-18T16:03:52Z,UB36_18V22_1
503,43.95080801,-71.740452,633.899719,2022-05-22T14:18:57Z,UB37 22V22 1
504,43.950922,-71.74021396,643.27124,2022-05-25T10:50:16Z,UB37 25V22 1
505,43.95054599,-71.74044496,619.697571,2022-05-26T11:32:20Z,UB37 26V22 1
506,43.95034097,-71.74003601,619.554871,2022-05-26T11:35:10Z,UB37 26V22 2
507,43.95032496,-71.73979403,617.456177,2022-05-26T11:38:55Z,UB37 26V22 3
508,43.95134202,-71.740235,657.762817,2022-05-27T13:43:27Z,UB37 27V22 1
509,43.95068698,-71.74050003,634.42749,2022-05-18T11:58:13Z,UB37_18V22_1
510,43.95068899,-71.74031404,629.099731,2022-05-18T12:05:00Z,UB37_18V22_2
511,43.95081899,-71.74032804,632.51532,2022-05-18T12:09:57Z,UB37_18V22_3
512,43.94432603,-71.74443802,617.803284,2022-05-30T11:42:28Z,UB3? 30V22 1
513,43.94459903,-71.74434297,623.554443,2022-05-30T13:12:34Z,UB3? 30V22 2
514,43.94409302,-71.74570302,628.479065,2022-06-10T15:05:02Z,UB4 10VI22 1
515,43.94403703,-71.74627097,626.185425,2022-06-12T15:16:24Z,UB4 12VI22 1
516,43.942867,-71.74513296,612.463074,2022-05-19T13:21:47Z,UB4 19V22 R1
517,43.94300597,-71.74474597,615.636292,2022-05-19T13:09:26Z,UB4 19V22 R2
518,43.94409503,-71.74610602,619.433105,2022-05-24T15:16:48Z,UB4 24V22 1
519,43.94403099,-71.74585196,629.775085,2022-05-27T12:54:17Z,UB4 27V22 1
520,43.94432704,-71.74570201,636.226013,2022-05-27T13:01:21Z,UB4 27V22 2
521,43.94369303,-71.74653299,621.788635,2022-05-31T12:02:45Z,UB4 31V22 1
522,43.94359798,-71.74671303,620.169006,2022-05-31T12:06:16Z,UB4 31V22 2
523,43.94368398,-71.745038,626.972595,2022-05-08T13:44:02Z,UB4 8V22 1
524,43.943759,-71.74495904,627.579529,2022-05-08T13:46:43Z,UB4 8V22 2
525,43.94350796,-71.74496097,622.791321,2022-05-08T13:47:39Z,UB4 8V22 3
526,43.94331099,-71.74511402,617.294128,2022-05-08T13:50:42Z,UB4 8V22 4
527,43.94265401,-71.72812801,465.669586,2022-05-22T10:25:11Z,UB41 22V22 1
528,43.94365598,-71.72755502,463.770508,2022-05-22T13:34:10Z,UB41 22V22 2
529,43.94347896,-71.72736601,459.470276,2022-05-25T12:09:32Z,UB41 25V22 1
530,43.94336496,-71.72757296,460.615082,2022-05-31T14:38:19Z,UB41 31V22 1
531,43.94354702,-71.72711003,452.839935,2022-05-31T14:43:52Z,UB41 31V22 2
532,43.94556899,-71.73432802,535.69519,2022-05-18T14:56:54Z,UB43 18V22 1
533,43.94560603,-71.73417496,535.453796,2022-05-18T15:00:01Z,UB43 18V22 2
534,43.94541702,-71.73430899,541.521301,2022-05-21T16:01:02Z,UB43 21V22 1
535,43.94602798,-71.73413901,543.661316,2022-05-23T12:48:43Z,UB43 23V22 1
536,43.94543999,-71.73002601,491.630859,2022-06-10T12:40:57Z,UB44 10VI22 1
537,43.94549799,-71.72970196,487.02774,2022-06-10T12:43:17Z,UB44 10VI22 2
538,43.945716,-71.72957699,485.366669,2022-06-10T12:48:16Z,UB44 10VI22 3
539,43.94589303,-71.73066303,508.458374,2022-06-10T13:30:33Z,UB44 10VI22 4
540,43.94619604,-71.730802,506.215454,2022-06-10T13:35:45Z,UB44 10VI22 5
541,43.94566001,-71.73087702,506.526611,2022-06-11T13:51:14Z,UB44 11VI22 1
542,43.94613502,-71.73060796,493.334473,2022-06-12T14:45:43Z,UB44 12VI22 1
543,43.94587803,-71.73124197,505.011322,2022-06-12T14:48:29Z,UB44 12VI22 2
544,43.94512902,-71.72879898,471.485931,2022-05-23T14:02:46Z,UB44 23V22 1
545,43.94531996,-71.72905999,473.593842,2022-05-23T14:05:50Z,UB44 23V22 2
546,43.94558902,-71.72937498,477.687714,2022-05-23T14:07:31Z,UB44 23V22 3
547,43.94704998,-71.73666799,574.901001,2022-06-14T11:18:10Z,UB45 14VI22 1
548,43.946664,-71.73658602,568.131958,2022-05-26T14:12:10Z,UB45 26V22 1
549,43.94668696,-71.73806802,592.867249,2022-06-19T12:45:49Z,UB46 19VI22 1
550,43.945844,-71.73755002,580.562012,2022-05-23T14:16:36Z,UB46 23V22 1
551,43.94596604,-71.73871402,595.212769,2022-05-26T11:18:15Z,UB46 26V22 1
552,43.946449,-71.73896103,581.672791,2022-06-10T14:08:16Z,UB47 10VI22 1
553,43.94659703,-71.73804699,592.453369,2022-06-12T15:10:24Z,UB47 12VI22 1
554,43.946448,-71.74041202,594.2453,2022-05-19T11:29:37Z,UB47 19V22 1
555,43.94604902,-71.73960996,589.326233,2022-05-19T12:34:09Z,UB47 19V22 10
556,43.94586302,-71.73982898,587.500366,2022-05-19T12:39:44Z,UB47 19V22 11
557,43.94623199,-71.73884997,596.132874,2022-05-19T11:51:58Z,UB47 19V22 2
558,43.94614499,-71.738798,592.474182,2022-05-19T11:58:07Z,UB47 19V22 3
559,43.94603603,-71.73865601,592.090271,2022-05-19T12:08:08Z,UB47 19V22 3.
560,43.94593804,-71.73856096,591.357849,2022-05-19T12:10:05Z,UB47 19V22 5
561,43.945801,-71.73841696,587.188232,2022-05-19T12:14:24Z,UB47 19V22 6
562,43.94565004,-71.73869801,585.924011,2022-05-19T12:19:48Z,UB47 19V22 7
563,43.945715,-71.73890303,584.87439,2022-05-19T12:26:32Z,UB47 19V22 8
564,43.94592497,-71.73913596,586.585693,2022-05-19T12:29:18Z,UB47 19V22 9
565,43.94629402,-71.738812,594.192322,2022-05-21T13:04:34Z,UB47 21V22 1
566,43.945888,-71.73768598,576.849426,2022-05-22T15:31:19Z,UB47 22V22 1
567,43.94639804,-71.73781497,590.600159,2022-06-07T11:46:30Z,UB47 7VI22 1
568,43.94675301,-71.73872399,597.348877,2022-06-07T14:38:13Z,UB47 7VI22 2
569,43.94319297,-71.74663902,634.062378,2022-05-25T11:55:30Z,UB48 25V22 1
570,43.94261998,-71.74671203,630.992676,2022-05-25T11:28:31Z,UB48 25V22 2
571,43.94426099,-71.74642202,631.607239,2022-05-30T12:23:40Z,UB4? 30V22 1
572,43.94399604,-71.74680599,625.262146,2022-05-30T12:20:35Z,UB4? 30V22 2
573,43.94011899,-71.74411297,608.003845,2022-06-10T11:19:25Z,UB5 10VI22 1
574,43.94043096,-71.74447398,621.85968,2022-05-22T14:27:29Z,UB5 22V22 1
575,43.94041403,-71.74425999,621.042236,2022-05-22T14:35:28Z,UB5 22V22 2
576,43.94067697,-71.74412303,626.079956,2022-05-30T13:43:04Z,UB5 30V22 1
577,43.94273699,-71.73673103,547.835327,2022-06-11T12:18:41Z,UB50 11VI22 1
578,43.94250004,-71.73760903,541.277771,2022-06-15T10:52:55Z,UB50 15VI22 1
579,43.942509,-71.73786099,551.368713,2022-06-15T11:43:39Z,UB50 15VI22 2
580,43.94254999,-71.73824698,555.877869,2022-06-15T11:46:47Z,UB50 15VI22 3
581,43.94202503,-71.73683597,545.266541,2022-05-21T14:05:46Z,UB50 21V22 1
582,43.942407,-71.73671502,541.571106,2022-05-21T14:14:25Z,UB50 21V22 2
583,43.94277404,-71.73707804,546.237488,2022-05-21T14:21:22Z,UB50 21V22 3
584,43.94301997,-71.73721701,546.642029,2022-05-21T14:28:35Z,UB50 21V22 4
585,43.94285501,-71.73713302,546.524658,2022-05-21T14:29:55Z,UB50 21V22 5
586,43.94264798,-71.73706496,552.52417,2022-05-25T11:01:12Z,UB50 25V22 1
587,43.94290899,-71.73713202,541.938416,2022-05-25T12:43:40Z,UB50 25V22 3
588,43.94311996,-71.73676204,542.878845,2022-05-25T13:13:56Z,UB50 25V22 4
589,43.942868,-71.73779796,548.506042,2022-05-25T13:20:44Z,UB50 25V22 5
590,43.94285501,-71.73795696,550.168396,2022-05-25T13:33:51Z,UB50 25V22 6
591,43.94303103,-71.73725104,541.157043,2022-05-19T12:54:19Z,UB50_19V22_1
592,43.943155,-71.737719,549.63623,2022-05-19T13:14:18Z,UB50_19V22_2
593,43.94314502,-71.73731198,543.079651,2022-05-19T13:20:51Z,UB50_19V22_3
594,43.94166897,-71.73680998,550.299744,2022-06-10T14:43:46Z,UB51 10VI22 1
595,43.94165698,-71.73692197,555.588867,2022-06-11T12:29:54Z,UB51 11VI22 1
596,43.94162103,-71.73690403,547.132019,2022-06-15T14:17:07Z,UB51 15VI22 1
597,43.941847,-71.73657403,532.702026,2022-06-06T11:23:59Z,UB51 6VI22 1
598,43.94188296,-71.738036,558.993835,2022-05-19T13:50:03Z,UB51_19V22_1
599,43.94223299,-71.73808596,557.877686,2022-05-19T13:53:31Z,UB51_19V22_2
600,43.94384298,-71.73286999,529.675049,2022-05-29T12:49:57Z,UB52 29V22 1
601,43.943975,-71.73296202,531.454346,2022-05-29T12:56:20Z,UB52 29V22 2
602,43.94402102,-71.73264803,529.732971,2022-05-29T13:01:48Z,UB52 29V22 3
603,43.94408698,-71.73311097,534.379333,2022-05-31T12:08:02Z,UB52? 31V22 1
604,43.94418698,-71.73310099,530.696594,2022-06-02T11:40:13Z,UB53 02VI22 1
605,43.94420399,-71.73312999,531.713989,2022-06-02T11:41:16Z,UB53 02VI22 2
606,43.94453399,-71.73322597,529.93866,2022-06-02T13:41:02Z,UB53 02VI22 3
607,43.944436,-71.73313301,527.454651,2022-06-02T13:42:58Z,UB53 02VI22 4
608,43.94393099,-71.73334097,519.82605,2022-06-02T13:53:07Z,UB53 02VI22 5
609,43.94382102,-71.73310401,519.82605,2022-06-02T13:57:30Z,UB53 02VI22 6
610,43.943875,-71.73333904,523.209167,2022-06-02T13:58:34Z,UB53 02VI22 7
611,43.94406896,-71.73311398,530.620178,2022-05-23T14:35:04Z,UB53 23V22 1
612,43.94419,-71.73300804,527.099792,2022-05-23T14:43:53Z,UB53 23V22 2
613,43.94431002,-71.73315698,539.190369,2022-05-31T11:55:02Z,UB53 31V22 1
614,43.94390602,-71.73323301,540.768433,2022-05-31T13:10:16Z,UB53 31V22 11
615,43.94558902,-71.733203,523.605408,2022-06-08T16:33:58Z,UB53 8VI22 1
616,43.941573,-71.73289899,524.175415,2022-06-10T13:40:57Z,UB54 10VI22 1
617,43.94169001,-71.73207304,506.525116,2022-06-10T14:48:06Z,UB54 10VI22 2
618,43.93941198,-71.74225898,594.522156,2022-05-22T11:37:05Z,UB55 22V22 1
619,43.93998002,-71.74188204,600.66217,2022-05-22T11:50:14Z,UB55 22V22 2
620,43.93917703,-71.74287597,591.494629,2022-05-22T11:56:59Z,UB55 22V22 3
621,43.93961004,-71.742522,603.120728,2022-06-06T14:17:42Z,UB55 6VI22 1
622,43.94067203,-71.74307303,603.951843,2022-06-10T11:58:33Z,UB56 10VI22 1
623,43.94095299,-71.74276197,603.633484,2022-06-10T12:06:38Z,UB56 10VI22 2
624,43.94042702,-71.74309499,611.385071,2022-06-10T12:28:05Z,UB56 10VI22 3
625,43.93930703,-71.74423803,598.923889,2022-05-22T12:25:36Z,UB56 22V22 1
626,43.93896597,-71.74432402,592.135986,2022-05-22T12:29:48Z,UB56 22V22 2
627,43.939575,-71.74431103,606.149048,2022-05-22T12:39:35Z,UB56 22V22 3
628,43.94019602,-71.74383502,613.16626,2022-05-23T13:12:36Z,UB56 23V22 1
629,43.94004699,-71.74357602,612.958313,2022-05-23T13:32:37Z,UB56 23V22 2
630,43.940366,-71.74302701,610.623291,2022-05-23T13:38:13Z,UB56 23V22 3
631,43.93912598,-71.74534603,593.158875,2022-05-22T13:06:41Z,UB57 22V22 1
632,43.93934903,-71.74546598,603.65863,2022-05-22T13:21:36Z,UB57 22V22 2
633,43.93923,-71.745442,602.393311,2022-05-22T13:25:55Z,UB57 22V22 3
634,43.93921701,-71.74518803,584.451782,2022-05-29T11:57:41Z,UB57 29V22 1
635,43.939057,-71.74446702,588.366699,2022-05-29T12:04:54Z,UB57 29V22 2
636,43.93933,-71.74464597,597.32843,2022-05-29T12:22:16Z,UB57 29V22 3
637,43.93938499,-71.74571299,587.223389,2022-05-30T11:19:43Z,UB57 30V22 1
638,43.93954399,-71.74573101,604.81427,2022-05-31T13:42:41Z,UB57 31V22 1
639,43.93946101,-71.74445503,607.046875,2022-05-31T14:19:25Z,UB57 31V22 2
640,43.939115,-71.743486,597.520752,2022-05-31T14:53:53Z,UB57 31V22 3
641,43.93982403,-71.74405698,616.725952,2022-05-22T14:49:15Z,UB58 22V22 1
642,43.93973501,-71.74412697,612.227966,2022-05-22T14:55:47Z,UB58 22V22 2
643,43.93997499,-71.74336103,611.206238,2022-05-31T12:32:08Z,UB58 31V22 1
644,43.94691998,-71.73662701,554.734375,2022-05-20T11:14:10Z,UB6
645,43.94661203,-71.73634102,557.529114,2022-05-20T11:20:26Z,UB6 1
646,43.94662703,-71.73634797,564.671875,2022-05-20T11:34:14Z,UB6 2
647,43.94703398,-71.73655903,576.507812,2022-05-21T12:06:54Z,UB6 21V22 1
648,43.94671001,-71.73623499,572.181274,2022-05-21T12:22:43Z,UB6 21V22 2
649,43.94693297,-71.73545002,555.633545,2022-05-21T14:53:37Z,UB6 21V22 3
650,43.94713498,-71.73634202,568.546265,2022-05-21T12:13:36Z,UB6 21V221 2
651,43.94675997,-71.73683697,570.207458,2022-05-22T11:57:59Z,UB6 22V22 1
652,43.94681898,-71.73665903,569.504333,2022-05-22T12:03:05Z,UB6 22V22 2
653,43.94665,-71.73627497,568.795349,2022-05-22T12:15:52Z,UB6 22V22 3
654,43.946593,-71.73621202,569.026489,2022-05-22T12:21:57Z,UB6 22V22 4
655,43.94652402,-71.73670999,575.707397,2022-05-22T12:27:59Z,UB6 22V22 5
656,43.94682401,-71.73703504,579.330017,2022-05-22T12:33:37Z,UB6 22V22 6
657,43.94687799,-71.73656104,573.573792,2022-05-22T12:48:27Z,UB6 22V22 7
658,43.94679098,-71.73740099,585.44104,2022-05-22T13:11:33Z,UB6 22V22 8
659,43.94730002,-71.73635401,562.287476,2022-05-23T13:04:40Z,UB6 23V22 1
660,43.94690297,-71.73536503,549.55835,2022-05-23T13:15:15Z,UB6 23V22 2
661,43.94698603,-71.735188,546.61377,2022-05-23T13:27:30Z,UB6 23V22 3
662,43.94669602,-71.735058,550.632385,2022-05-23T13:41:51Z,UB6 23V22 4
663,43.94635999,-71.73655903,573.5896,2022-05-24T13:07:11Z,UB6 24V22 1
664,43.946751,-71.73790198,597.862,2022-05-24T12:20:22Z,UB6 24V22 2
665,43.94694496,-71.73622099,559.221924,2022-05-20T11:37:08Z,UB6 3
666,43.94625002,-71.73883396,585.911255,2022-05-20T13:05:44Z,UB6 4
667,43.94617097,-71.73869197,584.145508,2022-05-20T13:12:06Z,UB6 5
668,43.94599504,-71.73913697,581.0224,2022-05-20T13:13:39Z,UB6 6
669,43.94672904,-71.73674704,568.31073,2022-05-20T15:31:28Z,UB6 7
670,43.94617701,-71.73947602,594.912659,2022-05-21T13:37:10Z,UB61 21V22 1
671,43.94647599,-71.73979503,598.076538,2022-05-21T13:40:19Z,UB61 21V22 2
672,43.94665604,-71.73975203,599.506592,2022-05-21T13:41:47Z,UB61 21V22 3
673,43.94553998,-71.73446196,543.310364,2022-05-21T16:04:29Z,UB62 21V22 1
674,43.94564099,-71.73438996,544.632874,2022-05-21T16:18:28Z,UB62 21V22 2
675,43.93967802,-71.73590197,543.818665,2022-05-21T13:25:21Z,UB63 21V22 1
676,43.93950904,-71.73582603,528.289062,2022-05-21T13:48:58Z,UB63 21V22 2
677,43.93981196,-71.73516998,526.418518,2022-05-22T12:19:11Z,UB63 22V22 1
678,43.93942103,-71.734987,527.109497,2022-05-22T12:25:00Z,UB63 22V22 2
679,43.93948599,-71.734613,521.534851,2022-05-22T12:29:59Z,UB63 22V22 3
680,43.93985596,-71.73483797,510.479919,2022-05-22T12:19:20Z,UB63 22V22 4
681,43.93969302,-71.73395603,506.864319,2022-06-06T10:34:57Z,UB63 6VI22 1
682,43.93958498,-71.73447504,511.104828,2022-06-06T10:40:45Z,UB63 6VI22 2
683,43.93961096,-71.73431997,534.376953,2022-06-12T16:18:02Z,UB63? 12VI22 1
684,43.94855102,-71.747066,644.858337,2022-06-11T12:30:45Z,UB64 11VI22 1
685,43.94807903,-71.747555,652.219421,2022-06-11T12:37:19Z,UB64 11VI22 2
686,43.94837198,-71.74642,636.658936,2022-06-12T11:36:42Z,UB64 12VI22 1
687,43.94774803,-71.74748903,657.786438,2022-06-19T11:43:49Z,UB64 19V22 1
688,43.94725299,-71.74763002,662.563782,2022-06-19T11:58:09Z,UB64 19V22 2
689,43.94690104,-71.74773202,665.480591,2022-06-19T12:02:47Z,UB64 19V22 3
690,43.94849301,-71.74592002,632.596802,2022-05-21T11:05:51Z,UB64 21V22 1
691,43.94828397,-71.74594902,631.386902,2022-05-21T11:07:55Z,UB64 21V22 2
692,43.948677,-71.74660801,641.196533,2022-05-21T12:10:12Z,UB64 21V22 3
693,43.94864799,-71.74609202,638.192444,2022-05-21T12:15:20Z,UB64 21V22 4
694,43.94804299,-71.746879,645.398071,2022-05-23T12:09:45Z,UB64 23V22 1
695,43.94802497,-71.74682502,644.039124,2022-05-23T12:18:14Z,UB64 23V22 2
696,43.94815598,-71.74696198,639.367065,2022-05-23T12:25:42Z,UB64 23V22 3
697,43.94859402,-71.74709399,648.257263,2022-05-23T12:34:46Z,UB64 23V22 4
698,43.94872804,-71.74708704,643.110901,2022-05-23T12:36:51Z,UB64 23V22 5
699,43.94825899,-71.74606302,637.313049,2022-05-23T13:27:38Z,UB64 23V22 6
700,43.94909098,-71.745816,639.799377,2022-05-26T12:12:21Z,UB64 26V22 1
701,43.948605,-71.74532399,629.796204,2022-05-26T12:19:22Z,UB64 26V22 2
702,43.94613502,-71.74615698,641.638245,2022-06-15T14:57:05Z,UB65 15VI22 1
703,43.94688,-71.74715803,652.853149,2022-06-19T12:55:50Z,UB65 19V22 1
704,43.947656,-71.74671002,642.118713,2022-05-21T11:45:18Z,UB65 21V22 1
705,43.94690104,-71.74686701,650.257507,2022-05-22T13:49:20Z,UB65 22V22 1
706,43.94675704,-71.74695603,654.659485,2022-05-22T13:55:19Z,UB65 22V22 2
707,43.94638203,-71.74766597,657.302246,2022-05-29T13:45:50Z,UB65 29V22 1
708,43.94517101,-71.744751,625.036865,2022-06-18T13:47:07Z,UB68 18VI22 1
709,43.94467799,-71.74508099,634.197021,2022-06-18T13:42:09Z,UB68 18VI22 2
710,43.94476801,-71.74494202,632.661255,2022-06-18T13:43:11Z,UB68 18VI22 3
711,43.94491704,-71.74481898,628.779297,2022-06-18T13:44:25Z,UB68 18VI22 4
712,43.94457196,-71.73933696,565.923828,2022-05-26T11:30:10Z,UB69 26V22 1
713,43.94533304,-71.73855501,581.172607,2022-05-27T12:07:25Z,UB69 27V22 1
714,43.94531401,-71.73873397,578.967773,2022-05-27T12:29:52Z,UB69 27V22 2
715,43.94881697,-71.74208899,623.004272,2022-05-23T15:17:03Z,UB70 23V22 2
716,43.94860902,-71.74053499,625.364807,2022-05-29T13:18:09Z,UB70 29V22 1
717,43.94296599,-71.73751398,550.045593,2022-06-14T14:48:02Z,UB72 14VI22 1
718,43.94240398,-71.73760802,543.400635,2022-06-15T10:55:40Z,UB72 15VI22 1
719,43.94248797,-71.73770903,550.419861,2022-06-15T11:38:32Z,UB72 15VI22 2
720,43.94810803,-71.74697799,652.61908,2022-05-22T14:08:27Z,UB73 22V22 1
721,43.94789396,-71.74734101,658.249146,2022-05-22T14:12:35Z,UB73 22V22 2
722,43.948174,-71.74662896,645.189636,2022-05-22T14:18:32Z,UB73 22V22 3
723,43.948103,-71.74836201,661.427612,2022-06-10T11:32:47Z,UB75 10VI22 1
724,43.94267899,-71.74651003,630.035645,2022-06-06T12:45:05Z,UB77 6VI22 1
725,43.94352104,-71.74533497,617.970581,2022-05-22T12:52:15Z,UB78 22V22 1
726,43.94455704,-71.73965698,566.120911,2022-05-22T14:58:02Z,UB78 22V22 2
727,43.94410601,-71.74545499,631.804016,2022-05-22T13:00:51Z,UB78 22V22 3
728,43.94363302,-71.74591198,625.442627,2022-05-26T15:06:58Z,UB78 26V22 1
729,43.94334602,-71.74679501,637.032959,2022-05-26T14:11:18Z,UB78 26V22 2
730,43.94362003,-71.74693499,637.810791,2022-05-26T14:10:11Z,UB78 26V22 3
731,43.94692702,-71.73204202,504.587677,2022-05-22T11:24:29Z,UB8 22V22 1
732,43.94676902,-71.73075599,497.204468,2022-05-22T11:12:56Z,UB8 22V22 2
733,43.94215303,-71.73719103,549.504089,2022-06-07T11:17:48Z,UB84 2VI22 1
734,43.94503598,-71.73306202,531.110229,2022-05-29T11:53:28Z,UB86? 29V22 1
735,43.94803,-71.74587904,639.607544,2022-05-23T13:49:10Z,UB87 23V22 1
736,43.94661002,-71.72943701,463.974396,2022-06-06T12:32:00Z,UB9 06VI22 1
737,43.946478,-71.72872597,454.189484,2022-06-06T12:38:35Z,UB9 06VI22 2
738,43.94657398,-71.72848198,442.121887,2022-06-06T12:43:27Z,UB9 06VI22 3
739,43.94662703,-71.728284,442.942047,2022-06-06T13:24:15Z,UB9 06VI22 4
740,43.94648102,-71.72886,444.120789,2022-06-06T14:01:32Z,UB9 06VI22 5
741,43.94663902,-71.72902001,448.968689,2022-06-06T14:04:12Z,UB9 06VI22 6
742,43.94679702,-71.72902797,446.263977,2022-06-06T14:06:39Z,UB9 06VI22 7
743,43.94646903,-71.72813396,444.694031,2022-06-10T14:14:43Z,UB9 10VI22 1
744,43.94662703,-71.72798401,547.089844,2022-06-10T14:24:08Z,UB9 10VI22 2
745,43.94628203,-71.72859203,449.781921,2022-06-14T15:34:44Z,UB9 14VI22 1
746,43.94641003,-71.72804897,440.902222,2022-06-14T15:55:11Z,UB9 14VI22 2
747,43.946391,-71.72810697,440.900146,2022-06-14T15:55:37Z,UB9 14VI22 3
748,43.94619998,-71.72855197,444.881348,2022-06-15T14:38:17Z,UB9 15VI22 1
749,43.94613703,-71.72880401,454.619049,2022-05-23T13:46:59Z,UB9 23V22 4
750,43.94583997,-71.72852296,472.119598,2022-05-24T11:05:09Z,UB9 24V22 1
751,43.946664,-71.72896,446.59082,2022-05-29T11:36:53Z,UB9 29V22 1
752,43.94648203,-71.72836698,445.094635,2022-05-29T11:43:20Z,UB9 29V22 2
753,43.94645797,-71.72879697,451.806335,2022-05-30T15:10:10Z,UB9 30V22 1
754,43.94646602,-71.729018,447.07077,2022-05-30T15:13:41Z,UB9 30V22 2
755,43.94664698,-71.72895203,448.21756,2022-05-30T15:21:24Z,UB9 30V22 3
756,43.94629302,-71.72826204,442.558807,2022-05-30T15:25:17Z,UB9 30V22 4
757,43.94713598,-71.72939996,454.505188,2022-05-31T12:55:30Z,UB9 31V22 1
758,43.94070698,-71.74420098,624.933105,2022-06-16T15:14:35Z,UB90 16VI22 1
759,43.948131,-71.73371798,524.172729,2022-06-10T11:14:32Z,UB91 10VI22 1
760,43.94314402,-71.74045997,567.216125,2022-06-10T11:51:26Z,UB91 10VI22 2
761,43.94796303,-71.73297904,505.322784,2022-05-26T12:04:42Z,UB91 26V22 1
762,43.94744704,-71.73331004,516.695679,2022-06-04T13:51:55Z,UB91 4VI22 1
763,43.94747604,-71.73384899,524.323975,2022-06-04T13:54:41Z,UB91 4VI22 2
764,43.94724201,-71.73498801,549.899231,2022-06-04T13:01:27Z,UB91 4VI22 3
765,43.94326103,-71.73985203,570.482117,2022-06-12T11:56:57Z,UB92 12VI22 1
766,43.94365397,-71.73894301,568.104858,2022-06-16T13:49:01Z,UB92 16VI22 1
767,43.94362899,-71.738798,566.818787,2022-06-16T13:50:02Z,UB92 16VI22 2
768,43.943443,-71.73864403,564.148376,2022-06-16T13:55:09Z,UB92 16VI22 3
769,43.94375799,-71.73899196,550.972412,2022-06-19T13:35:18Z,UB92 19VI22 1
770,43.94318199,-71.738309,554.964172,2022-05-27T14:23:37Z,UB92 27V22 1
771,43.94352598,-71.73921802,548.492065,2022-05-30T10:54:23Z,UB92 30V22 1
772,43.94374701,-71.73958397,558.33429,2022-06-04T14:26:45Z,UB92 4VI22 1
773,43.943544,-71.739329,550.907532,2022-06-04T10:51:04Z,UB92 4VI22 2
774,43.943227,-71.73862802,549.80719,2022-06-05T11:27:01Z,UB92 5VI22 1
775,43.94291,-71.73867404,549.777527,2022-06-05T11:43:50Z,UB92 5VI22 2
776,43.94276298,-71.73933897,559.115845,2022-06-05T11:54:22Z,UB92 5VI22 3
777,43.94325902,-71.73900302,557.69751,2022-06-05T11:58:05Z,UB92 5VI22 4
778,43.94366998,-71.73934299,555.172791,2022-06-05T12:12:22Z,UB92 5VI22 5
779,43.94373201,-71.739847,558.610046,2022-06-05T12:27:43Z,UB92 5VI22 6
780,43.94309096,-71.73885701,547.035767,2022-06-06T10:40:24Z,UB92 6VI22 1
781,43.94540998,-71.74204096,573.855408,2022-06-11T11:01:08Z,UB93 11VI22 1
782,43.94533002,-71.74353797,605.570496,2022-06-12T13:21:34Z,UB93 12VI22 1
783,43.94600099,-71.74271302,591.954529,2022-05-24T11:04:03Z,UB93 24V22 1
784,43.94624004,-71.742579,594.395264,2022-05-24T11:12:28Z,UB93 24V22 2
785,43.94598104,-71.74290304,597.100342,2022-05-24T11:20:41Z,UB93 24V22 3
786,43.94582598,-71.74240096,567.892883,2022-05-25T11:04:48Z,UB93 25V22 1
787,43.94542096,-71.74194901,569.811401,2022-05-25T11:10:10Z,UB93 25V22 2
788,43.94529498,-71.74202696,573.009277,2022-05-25T11:13:07Z,UB93 25V22 3
789,43.94494697,-71.74169202,575.425232,2022-05-25T11:23:28Z,UB93 25V22 4
790,43.94474496,-71.74224003,583.259094,2022-05-25T11:29:41Z,UB93 25V22 5
791,43.94598699,-71.74333001,593.15979,2022-05-25T11:43:20Z,UB93 25V22 6
792,43.94610199,-71.74254698,591.581177,2022-05-27T10:51:49Z,UB93 27V22 1
793,43.94635596,-71.74215504,593.030029,2022-05-27T10:56:57Z,UB93 27V22 2
794,43.94579999,-71.74241102,585.880432,2022-06-07T11:19:11Z,UB93? 7VI22 1
795,43.94658102,-71.72851299,441.488495,2022-06-10T14:21:59Z,UB94 10VI22 1
796,43.94691202,-71.72692303,431.028137,2022-06-14T10:38:04Z,UB94 14VI22 1
797,43.94670499,-71.72787496,435.482269,2022-06-14T13:09:26Z,UB94 14VI22 2
798,43.94728996,-71.72777102,446.245331,2022-06-14T10:57:17Z,UB94 14VI22 3
799,43.94713397,-71.72781897,443.62558,2022-06-14T10:58:24Z,UB94 14VI22 4
800,43.94652201,-71.727249,429.945435,2022-06-16T13:34:44Z,UB94 16VI22 1
801,43.946621,-71.72765602,426.289734,2022-06-19T11:52:36Z,UB94 19VI22 1
802,43.94691302,-71.72731496,438.161835,2022-06-19T12:29:08Z,UB94 19VI22 2
803,43.94659502,-71.72781503,436.767334,2022-05-24T10:36:47Z,UB94 24V22 1
804,43.94685703,-71.72764001,443.121948,2022-05-24T10:42:33Z,UB94 24V22 2
805,43.94651899,-71.72791,423.043945,2022-05-30T13:28:32Z,UB94 30V22 1
806,43.94665101,-71.727637,433.783142,2022-05-30T13:30:49Z,UB94 30V22 2
807,43.94675301,-71.72773004,437.087769,2022-05-30T13:32:36Z,UB94 30V22 3
808,43.946809,-71.72763398,435.999268,2022-05-30T13:35:06Z,UB94 30V22 4
809,43.94689098,-71.727508,434.87323,2022-05-30T13:38:42Z,UB94 30V22 5
810,43.94086699,-71.74352297,604.182251,2022-06-10T11:46:55Z,UB95 10VI22 1
811,43.94160803,-71.74301804,599.352783,2022-05-24T12:22:31Z,UB95 24V22 1
812,43.94392496,-71.73710997,575.018188,2022-06-18T11:01:36Z,UB96 18VI22 1
813,43.94341098,-71.73644202,556.519958,2022-06-18T11:29:59Z,UB96 18VI22 2
814,43.94350201,-71.736928,555.280762,2022-06-18T11:37:08Z,UB96 18VI22 3
815,43.94368004,-71.73622702,555.478577,2022-06-18T11:43:28Z,UB96 18VI22 4
816,43.94377903,-71.73666003,561.579651,2022-06-18T12:08:26Z,UB96 18VI22 5
817,43.94307503,-71.73732497,551.119141,2022-06-18T12:24:13Z,UB96 18VI22 6
818,43.94416301,-71.73290997,531.834839,2022-05-19T15:01:18Z,UB96 19V22 1
819,43.94413099,-71.73248501,525.942566,2022-05-19T15:05:18Z,UB96 19V22 2
820,43.94300203,-71.73613499,550.970703,2022-05-25T11:38:53Z,UB96 25V22 1
821,43.94355004,-71.73580097,549.52771,2022-05-25T11:47:10Z,UB96 25V22 2
822,43.94332699,-71.73548003,547.257996,2022-05-26T13:01:31Z,UB96 26V22 1
823,43.94315198,-71.73484602,550.986877,2022-05-26T13:21:01Z,UB96 26V22 2
824,43.94310697,-71.73542303,538.842285,2022-05-27T11:19:16Z,UB96 27V22 1
825,43.94288803,-71.728328,444.952545,2022-06-04T11:02:58Z,UB98 04VI22 1
826,43.94302801,-71.72832197,457.947876,2022-06-04T11:09:16Z,UB98 04VI22 2
827,43.94289298,-71.72856697,462.920624,2022-06-04T11:12:10Z,UB98 04VI22 3
828,43.94284101,-71.72886,474.247498,2022-06-04T11:13:14Z,UB98 04VI22 4
829,43.94300798,-71.72955402,471.042877,2022-06-04T11:20:44Z,UB98 04VI22 5
830,43.94338399,-71.72902999,482.734467,2022-06-04T16:45:36Z,UB98 04VI22 6
831,43.94273699,-71.72820998,455.222534,2022-06-05T11:14:23Z,UB98 05VI22 1
832,43.94278896,-71.72835901,465.842041,2022-06-05T11:17:16Z,UB98 05VI22 2
833,43.94279198,-71.72818501,471.414978,2022-06-08T16:01:10Z,UB98 08VI22 1
834,43.94261898,-71.728385,461.403931,2022-06-08T16:17:43Z,UB98 08VI22 2
835,43.94285702,-71.728328,470.841583,2022-06-08T16:24:03Z,UB98 08VI22 3
836,43.94275703,-71.72828198,470.091003,2022-05-25T11:54:40Z,UB98 25V22 1
837,43.94255301,-71.72766902,462.951965,2022-05-25T12:04:03Z,UB98 25V22 2
838,43.94355699,-71.72818299,473.442017,2022-05-29T10:44:19Z,UB98 29V22 1
839,43.94354601,-71.72803304,475.601135,2022-05-29T10:46:46Z,UB98 29V22 2
840,43.94357401,-71.72880401,485.146423,2022-06-03T10:58:58Z,UB98 3VI22 1
841,43.94230801,-71.72870996,463.363434,2022-05-28T14:49:51Z,UB98? 28V22 1
842,43.94226702,-71.72877903,473.414673,2022-05-30T11:07:59Z,UB98? 30V22 1
843,43.94238596,-71.72868599,467.508392,2022-05-30T11:12:42Z,UB98? 30V22 2
844,43.94747,-71.73441804,546.525696,2022-05-25T12:29:52Z,UB99 25V22 1
845,43.949871,-71.74675603,654.767517,2022-05-21T12:43:00Z,UB? 21V22 1
846,43.94728803,-71.73870899,608.225525,2022-05-21T11:11:25Z,UBXX 20V22 2
847,43.94411799,-71.73281701,538.433655,2022-05-26T14:04:52Z,UBXX 26V22 1
848,43.94388104,-71.73236799,534.66925,2022-05-26T14:09:44Z,UBXX 26V22 2
849,43.94018504,-71.74397601,611.721924,2022-05-29T11:26:55Z,UBXX 29V22 3
850,43.95006001,-71.73485599,548.89209,2022-06-19T16:46:19Z,WGGA 19VI22 1
851,43.94463801,-71.73132101,516.181763,2022-06-16T12:13:27Z,WKRA 16VI22 1
852,43.94506398,-71.73126804,517.359497,2022-06-16T12:19:49Z,WKRA 16VI22 2
853,43.94526003,-71.73160398,517.135986,2022-06-16T13:04:44Z,WKRA 16VI22 3
854,43.94517303,-71.73142402,516.694153,2022-06-16T13:05:31Z,WKRA 16VI22 4
855,43.94427599,-71.73314701,519.018066,2022-05-23T14:12:34Z,WKRA 23V22 1
856,43.94431002,-71.731419,506.182922,2022-05-25T14:51:49Z,WKRA 25V22 1
857,43.94673801,-71.73410397,534.666687,2022-06-11T14:31:07Z,WOYA 11VI22 1
858,43.94619998,-71.73374103,550.157043,2022-06-13T15:56:22Z,WOYA 13VI22 1
859,43.94482601,-71.73682197,569.986877,2022-06-14T13:33:38Z,WOYA 14VI22 1
860,43.94707404,-71.73417798,529.118164,2022-06-16T12:32:23Z,WOYA 16VI22 1
861,43.94420098,-71.736726,575.982727,2022-06-18T11:10:56Z,WOYA 18VI22 1
862,43.94441497,-71.73634596,573.763916,2022-06-18T11:21:54Z,WOYA 18VI22 2
863,43.94464597,-71.73691803,563.817871,2022-06-19T13:04:33Z,WOYA 19VI22 1
864,43.94568298,-71.73490603,579.654602,2022-05-27T10:30:58Z,WOYA 27V22 1
865,43.94631799,-71.73409198,536.263123,2022-06-07T12:33:56Z,WOYA 7VI22 1
866,43.946564,-71.73363701,533.087646,2022-06-07T12:54:56Z,WOYA 7VI22 2
867,43.94400501,-71.73374698,548.462891,2022-05-26T13:50:53Z,XXRA 26V22 1
868,43.94193904,-71.74501997,605.359802,2022-06-15T13:44:35Z,YAWW 15VI22 1
869,43.94197701,-71.74550302,620.718079,2022-06-16T13:46:20Z,YAWW 16VI22 1
870,43.94188003,-71.74555399,624.711975,2022-06-16T13:47:48Z,YAWW 16VI22 2
871,43.94157803,-71.74557896,627.452209,2022-06-16T13:56:21Z,YAWW 16VI22 3
872,43.94245796,-71.74566597,617.355835,2022-05-19T14:34:06Z,YAWW 19V22 R1
873,43.94166302,-71.74508401,621.555664,2022-06-02T12:15:56Z,YAWW 2VI22 1
874,43.94182999,-71.74523698,621.598511,2022-06-02T12:14:15Z,YAWW 2VI22 2
875,43.94199,-71.74566798,626.792969,2022-06-02T12:03:08Z,YAWW 2VI22 3
876,43.94188296,-71.74602102,630.600037,2022-06-02T12:04:57Z,YAWW 2VI22 4
877,43.94163804,-71.74516104,617.370483,2022-05-31T12:31:13Z,YAWW 31V22 1
878,43.94163201,-71.74546103,621.988464,2022-06-04T12:02:12Z,YAWW 4VI22 1
879,43.94124904,-71.74500103,617.821411,2022-06-06T13:26:41Z,YAWW 6VI22 1
880,43.94277303,-71.72722897,457.497772,2022-06-05T10:50:08Z,YGRA 05VI22 1
881,43.94300102,-71.72728001,460.910034,2022-06-10T10:51:32Z,YGRA 10VI22 1
882,43.942666,-71.72716401,461.537506,2022-06-10T16:53:32Z,YGRA 10VI22 2
883,43.94309398,-71.726516,455.477783,2022-06-11T10:50:58Z,YGRA 11VI22 1
884,43.94234296,-71.72612004,446.971161,2022-06-11T11:09:30Z,YGRA 11VI22 2
885,43.94221799,-71.72599901,444.1604,2022-06-11T11:13:18Z,YGRA 11VI22 3
886,43.942566,-71.726085,439.727478,2022-06-11T11:19:01Z,YGRA 11VI22 4
887,43.94197298,-71.72749199,460.455933,2022-06-12T11:36:13Z,YGRA 12VI22 1
888,43.94272802,-71.72734397,459.831787,2022-06-12T11:44:56Z,YGRA 12VI22 2
889,43.94139497,-71.72787798,460.240997,2022-06-12T11:54:36Z,YGRA 12VI22 3
890,43.94147401,-71.72787898,460.0737,2022-06-12T11:56:23Z,YGRA 12VI22 4
891,43.941113,-71.72655699,447.322693,2022-05-24T11:28:46Z,YGRA 24V22 1
892,43.94806503,-71.73908902,596.384583,2022-05-20T12:11:28Z,YPYA
893,43.94735299,-71.737862,592.931824,2022-06-12T16:06:15Z,YPYA 12VI22 3
894,43.947397,-71.738538,603.899536,2022-06-12T16:32:37Z,YPYA 12VI22 4
895,43.94758902,-71.73787599,579.233826,2022-06-15T10:36:32Z,YPYA 15VI22 1
896,43.947139,-71.73860304,598.259583,2022-06-18T14:19:38Z,YPYA 18VI22 1
897,43.94702199,-71.73822602,593.476196,2022-06-18T14:24:56Z,YPYA 18VI22 2
898,43.94810803,-71.73594296,540.614136,2022-05-21T15:40:41Z,YPYA 21V22 1
899,43.94815698,-71.73627698,544.359985,2022-05-21T15:43:15Z,YPYA 21V22 2
900,43.94818196,-71.73623004,543.068298,2022-05-21T15:45:20Z,YPYA 21V22 3
901,43.94773998,-71.73660597,559.065552,2022-05-21T16:26:05Z,YPYA 21V22 4
902,43.94877397,-71.73651402,541.968201,2022-05-22T10:59:36Z,YPYA 22V22 1
903,43.94883198,-71.73606399,539.359985,2022-05-22T11:06:58Z,YPYA 22V22 2
904,43.94711603,-71.73828101,599.124146,2022-05-24T12:28:24Z,YPYA 24V22 1
905,43.94779597,-71.73785998,573.806824,2022-05-26T13:28:55Z,YPYA 26V22 1
906,43.94778499,-71.73797197,583.28186,2022-05-26T13:36:26Z,YPYA 26V22 2
907,43.94705996,-71.73900898,606.54364,2022-05-29T14:10:05Z,YPYA 29V22 1
908,43.94757897,-71.73820599,593.184998,2022-06-07T14:49:29Z,YPYA 7VI22 1
909,43.94734897,-71.738726,598.642334,2022-05-18T13:05:38Z,YPYA_18V22_1
910,43.94718602,-71.73883396,598.228943,2022-05-18T13:07:48Z,YPYA_18V22_2
911,43.947139,-71.73897,601.088745,2022-05-18T13:10:07Z,YPYA_18V22_3
912,43.94722098,-71.73919799,603.873535,2022-05-18T13:11:28Z,YPYA_18V22_4
913,43.94713799,-71.73924702,605.862183,2022-05-18T13:15:52Z,YPYA_18V22_5
